<!--
    Copyright (c) 2012 Standard Performance Evaluation Corporation (SPEC).
    All rights reserved.
-->

<assembly xmlns="http://maven.apache.org/plugins/maven-assembly-plugin/assembly/1.1.2"
    xmlns:xsi="http://www.w3.org/2001/XMLSchema-instance"
    xsi:schemaLocation="http://maven.apache.org/plugins/maven-assembly-plugin/assembly/1.1.2 http://maven.apache.org/xsd/assembly-1.1.2.xsd">
    <id>src</id>
    <baseDirectory>/</baseDirectory> 
    <formats>     
        <format>zip</format>
    </formats>
    <fileSets>     
        <fileSet>       
            <directory>src</directory>
            <outputDirectory>/src</outputDirectory>
        </fileSet>
    </fileSets>
    <files>
        <file>
            <source>pom.xml</source>
            <outputDirectory>/</outputDirectory>
        </file>
    </files>
</assembly>
